device_time_stamp,system_time_stamp,left_gaze_point_on_display_area,left_gaze_point_in_user_coordinate_system,left_gaze_point_validity,left_pupil_diameter,left_pupil_validity,left_gaze_origin_in_user_coordinate_system,left_gaze_origin_validity,right_gaze_point_on_display_area,right_gaze_point_in_user_coordinate_system,right_gaze_point_validity,right_pupil_diameter,right_pupil_validity,right_gaze_origin_in_user_coordinate_system,right_gaze_origin_validity
12578706176,928887582472,"(0.47841328382492065, 0.4752177596092224)","(-11.267364501953125, 163.38636779785156, 52.63077163696289)",1,4.6880035400390625,1,"(-129.68272399902344, -102.66022491455078, 767.670654296875)",1,"(0.47691190242767334, 0.41538169980049133)","(-12.096115112304688, 180.8450927734375, 58.98527526855469)",1,4.710113525390625,1,"(-64.09305572509766, -88.44784545898438, 774.1980590820312)",1
12578722218,928887598514,"(0.4769724905490875, 0.469184547662735)","(-12.062647819519043, 165.146728515625, 53.271446228027344)",1,4.704193115234375,1,"(-129.75677490234375, -102.64485931396484, 768.1121826171875)",1,"(0.4754517078399658, 0.419109582901001)","(-12.902170181274414, 179.7574005126953, 58.58934783935547)",1,4.7170257568359375,1,"(-64.13448333740234, -88.41590118408203, 774.593994140625)",1
